name,datetime,tempmax,tempmin,temp,feelslikemax,feelslikemin,feelslike,dew,humidity,precip,precipprob,precipcover,preciptype,snow,snowdepth,windgust,windspeed,winddir,sealevelpressure,cloudcover,visibility,solarradiation,solarenergy,uvindex,severerisk,sunrise,sunset,moonphase,conditions,description,icon,stations
Linyi,1/1/22,7.8,-6.4,0.1,7,-8.3,-2.2,-6.2,65.3,0,0,0,,,,19.4,13.3,178.9,1031.3,13.4,5.3,132.3,11.3,5,,2022-01-01T07:45:23,2022-01-01T17:35:31,0.99,Clear,Clear conditions throughout the day.,clear-day,"53959099999,remote"
Linyi,1/2/22,9.1,-4.5,0.8,6.1,-9.4,-2.3,-6.4,63.2,0,0,0,,,,43.2,23.4,102.6,1026.9,0,7.1,129.3,11,5,,2022-01-02T07:45:34,2022-01-02T17:36:18,1,Clear,Clear conditions throughout the day.,clear-day,"53959099999,remote"
Linyi,1/3/22,7.1,-5.1,0.5,6,-5.6,-0.6,-5.4,67.2,0,0,0,,,,36.4,9.7,217.9,1027.2,4.8,5.9,124.6,10.7,5,,2022-01-03T07:45:43,2022-01-03T17:37:05,0,Clear,Clear conditions throughout the day.,clear-day,"53959099999,remote"
Linyi,1/4/22,4.6,-2.9,0.2,2.7,-5,-2.7,-4,75.5,0.6,100,25,"rain,snow",,,24.5,14.8,86.4,1027,60.5,5.5,40.5,3.4,2,,2022-01-04T07:45:50,2022-01-04T17:37:53,0.02,"Snow, Rain, Partially cloudy",Partly cloudy throughout the day with rain or snow.,rain,"53959099999,remote"
Linyi,1/5/22,5.6,-3,0.7,3.5,-6.4,-2.1,-1.8,84.3,0.3,100,12.5,"rain,snow",,,24.5,14.8,101.2,1027.5,36.4,5.9,81.4,7.1,4,,2022-01-05T07:45:55,2022-01-05T17:38:43,0.05,"Snow, Rain, Partially cloudy",Partly cloudy throughout the day with rain or snow clearing later.,rain,"53959099999,remote"
Linyi,1/6/22,4.8,-1.5,1.3,4.2,-5,-1.3,-1.5,82.2,0,0,0,,,,25.2,14.8,104.3,1032.1,45.1,6.8,99.6,8.6,4,,2022-01-06T07:45:58,2022-01-06T17:39:33,0.09,Partially cloudy,Partly cloudy throughout the day.,partly-cloudy-day,"53959099999,remote"
Linyi,1/7/22,8.1,-1.6,1.9,7.4,-4.4,0.3,-1.6,78.9,0,0,0,,,,25.2,9,120.7,1031,35.9,7.5,113,9.7,5,,2022-01-07T07:45:59,2022-01-07T17:40:25,0.14,Partially cloudy,Partly cloudy throughout the day.,partly-cloudy-day,"53959099999,remote"
Linyi,1/8/22,6.2,-1.4,1.6,6.1,-4.6,0.5,-1.1,83,0,0,0,,,,16.9,8.6,240.2,1028.7,45.8,4.9,70.8,6.1,3,,2022-01-08T07:45:59,2022-01-08T17:41:17,0.19,Partially cloudy,Partly cloudy throughout the day.,partly-cloudy-day,"53959099999,remote"
Linyi,1/9/22,7.2,-2.9,1.5,6.7,-3.9,0.3,-1.7,80.7,0,0,0,,,,15.8,8.6,182.8,1024,19,4,121.9,10.4,5,,2022-01-09T07:45:56,2022-01-09T17:42:11,0.24,Clear,Clear conditions throughout the day.,clear-day,"53959099999,remote"
Linyi,1/10/22,8.1,-1.8,2.4,5.2,-5.3,-0.5,-7,56.2,0,0,0,,0,0,44.6,23.8,279.1,1028.7,15,10.5,141.5,12.3,6,10,2022-01-10T07:45:52,2022-01-10T17:43:05,0.28,Clear,Clear conditions throughout the day.,clear-day,"53959099999,remote"
Linyi,1/11/22,10.2,-4.4,1.8,10.2,-7.3,1.5,-10.5,41.4,0,0,0,,0,0,38.9,7.6,82.1,1026.2,2.4,18.7,141.2,12.2,5,10,2022-01-11T07:45:46,2022-01-11T17:44:00,0.33,Clear,Clear conditions throughout the day.,clear-day,"53959099999,remote"
Linyi,1/12/22,7.7,-3.6,2.1,5.4,-6.6,-1.1,-10.4,41.7,0,0,0,,0,0,52.9,33.8,293.1,1027.9,23.1,18.6,132.4,11.5,5,10,2022-01-12T07:45:37,2022-01-12T17:44:56,0.38,Partially cloudy,Partly cloudy throughout the day.,partly-cloudy-day,"53959099999,remote"
Linyi,1/13/22,5.6,-6.3,-0.5,4.4,-9.2,-2.7,-15.4,33,0,0,0,,0,0,37.4,17.3,109.3,1030.1,28.1,18.9,141.5,12.1,5,10,2022-01-13T07:45:27,2022-01-13T17:45:52,0.41,Partially cloudy,Partly cloudy throughout the day.,partly-cloudy-day,"53959099999,remote"
Linyi,1/14/22,6.2,-2.4,1.1,5.3,-5.1,-0.7,-11.1,40.9,0,0,0,,0,0,19.4,12.6,156.8,1022.5,29.2,18.5,132.6,11.4,5,10,2022-01-14T07:45:15,2022-01-14T17:46:50,0.45,Partially cloudy,Clearing in the afternoon.,partly-cloudy-day,"53959099999,remote"
Linyi,1/15/22,8.7,-4.9,2.5,7.7,-4.9,1.5,-8.7,46.5,0,0,0,,0,0,17.3,11.5,195.3,1025.1,39.5,18,125.9,11,4,10,2022-01-15T07:45:01,2022-01-15T17:47:47,0.47,Partially cloudy,Partly cloudy throughout the day.,partly-cloudy-day,"53959099999,remote"
Linyi,1/16/22,9.1,-2.1,3.5,8.1,-5.5,2.4,-8.1,44.1,0,0,0,,0,0,18,8.6,119.4,1026.8,31.8,18.1,133.6,11.5,5,10,2022-01-16T07:44:45,2022-01-16T17:48:46,0.49,Partially cloudy,Partly cloudy throughout the day.,partly-cloudy-day,"53959099999,remote"
Linyi,1/17/22,8.7,-3.4,2.8,8.7,-4.1,1.3,-9.7,43.5,0,0,0,,0,0,25.9,14,143.5,1029.7,3.6,17.9,144.9,12.4,5,10,2022-01-17T07:44:27,2022-01-17T17:49:45,0.5,Clear,Clear conditions throughout the day.,clear-day,"53959099999,remote"
Linyi,1/18/22,8.7,-4.3,2.6,7.7,-6.1,1.7,-10.2,42.1,0,0,0,,0,0,17.3,11.9,143.8,1025.7,0.9,17.8,145.5,12.7,5,10,2022-01-18T07:44:08,2022-01-18T17:50:44,0.5,Clear,Clear conditions throughout the day.,clear-day,"53959099999,remote"
Linyi,1/19/22,9.5,-4.3,3.5,7.1,-7.8,1,-8.3,44.6,0,0,0,,0,0,38.5,20.9,96.2,1023.8,0,17.7,148,12.8,5,10,2022-01-19T07:43:46,2022-01-19T17:51:44,0.52,Clear,Clear conditions throughout the day.,clear-day,"53959099999,remote"
Linyi,1/20/22,3.9,-2.7,0.6,-0.9,-8.1,-4.1,-5.5,63.9,0,0,0,,0,0,43.2,28.1,111.9,1024.7,23.7,18,128.9,11,5,10,2022-01-20T07:43:23,2022-01-20T17:52:44,0.53,Partially cloudy,Partly cloudy throughout the day.,partly-cloudy-day,"53959099999,remote"
Linyi,1/21/22,0.2,-5.7,-2,-3.8,-9.4,-6.1,-4.7,83,0.9,100,8.33,"rain,snow",4.5,3.5,32,17.3,99.8,1025.7,62.2,8.6,71.4,6.3,3,10,2022-01-21T07:42:58,2022-01-21T17:53:44,0.56,"Snow, Rain, Partially cloudy",Partly cloudy throughout the day with rain or snow.,snow,"53959099999,remote"
Linyi,1/22/22,4.7,-7.4,-0.9,2.1,-10.6,-3.5,-5,75.2,0.1,100,4.17,snow,0.2,1.7,24.1,15.5,101.2,1023.7,32.8,16.9,135,11.6,5,10,2022-01-22T07:42:31,2022-01-22T17:54:45,0.6,"Snow, Partially cloudy",Partly cloudy throughout the day with late afternoon snow.,snow,"53959099999,remote"
Linyi,1/23/22,2.6,-2,0.4,2.1,-2.6,-0.4,-0.8,92.3,2.4,100,16.67,"rain,snow",1.2,0.9,21.6,9.7,150.5,1026.4,64.3,5.8,78.2,6.7,3,10,2022-01-23T07:42:02,2022-01-23T17:55:46,0.65,"Snow, Rain, Partially cloudy",Partly cloudy throughout the day with a chance of rain or snow throughout the day.,snow,"53959099999,remote"
Linyi,1/24/22,3.4,-1.3,0.8,3.2,-2.3,0.1,-1.2,87,1.3,100,8.33,"rain,snow",0.2,0.6,16.9,7.9,160.7,1026,52.5,11.4,77.1,6.7,3,10,2022-01-24T07:41:31,2022-01-24T17:56:48,0.7,"Snow, Rain, Partially cloudy",Partly cloudy throughout the day with rain or snow clearing later.,snow,"53959099999,remote"
Linyi,1/25/22,7.1,-1.3,2,6.3,-3.2,1.1,-1.8,77.5,0,0,0,,0,0.1,13.7,10.8,173.5,1025.1,50.7,17.8,129.5,11.1,4,10,2022-01-25T07:40:59,2022-01-25T17:57:49,0.75,Partially cloudy,Partly cloudy throughout the day.,partly-cloudy-day,"53959099999,remote"
Linyi,1/26/22,3.2,0.1,1.7,1.7,-2.9,-1,-1.7,78.7,0.3,100,12.5,"rain,snow",1.5,0.5,22.3,14,90.6,1026.1,61.2,15.4,77.4,6.7,3,10,2022-01-26T07:40:25,2022-01-26T17:58:51,0.81,"Snow, Rain, Partially cloudy",Partly cloudy throughout the day with rain or snow.,snow,"53959099999,remote"
Linyi,1/27/22,2.2,-1,0.3,2.2,-2.4,-0.4,-0.6,93.9,1.2,100,16.67,"rain,snow",1.2,1.9,18.7,6.8,162.5,1030.9,65.9,5.5,72.9,6.2,2,10,2022-01-27T07:39:49,2022-01-27T17:59:52,0.86,"Snow, Rain, Partially cloudy",Partly cloudy throughout the day with a chance of rain or snow throughout the day.,snow,"53959099999,remote"
Linyi,1/28/22,3.1,-1.2,0.4,1.6,-3.3,-0.6,-1.5,88,2.5,100,16.67,"rain,snow",0.1,2,17.6,10.4,240.6,1030.7,68.5,14.7,88.2,7.7,4,10,2022-01-28T07:39:11,2022-01-28T18:00:54,0.91,"Snow, Rain, Partially cloudy",Partly cloudy throughout the day with a chance of rain or snow throughout the day.,snow,"53959099999,remote"
Linyi,1/29/22,3.7,-3.6,-0.3,3.7,-4.8,-1.3,-3.5,81.7,0,0,0,,0,1.2,14.4,9,164.6,1026.4,38.5,16.4,155.3,13.4,5,10,2022-01-29T07:38:32,2022-01-29T18:01:56,0.95,Partially cloudy,Clearing in the afternoon.,partly-cloudy-day,"53959099999,remote"
Linyi,1/30/22,3.7,-4.1,-0.6,0.5,-6.7,-2.4,-3.5,81,0,0,0,,0,1,22.3,18.4,173.2,1027.1,30.6,17.7,152.2,13.2,5,10,2022-01-30T07:37:51,2022-01-30T18:02:58,0.98,Partially cloudy,Partly cloudy throughout the day.,partly-cloudy-day,"53959099999,remote"
Linyi,1/31/22,3.7,-3.4,-1,1.6,-9.8,-4.8,-14.3,37.6,0,0,0,,0,1,43.9,24.1,290.6,1031.6,20.3,18.7,174.9,15.4,6,10,2022-01-31T07:37:09,2022-01-31T18:03:59,1,Partially cloudy,Partly cloudy throughout the day.,partly-cloudy-day,"53959099999,remote"
Linyi,2/1/22,5.2,-5.4,-0.6,3.8,-7.7,-2.3,-12.7,41.9,0,0,0,,0,0.3,28.1,9,70.7,1031.7,40.2,18.7,143.1,12.5,5,10,2022-02-01T07:36:25,2022-02-01T18:05:01,0,Partially cloudy,Becoming cloudy in the afternoon.,partly-cloudy-day,"53959099999,remote"
Linyi,2/2/22,4.7,-4.9,0.3,4.7,-6.1,-1.2,-9,51.5,0,0,0,,0,0,23.4,9.7,195.1,1031,42.5,18.4,158.5,13.8,5,10,2022-02-02T07:35:39,2022-02-02T18:06:03,0.01,Partially cloudy,Becoming cloudy in the afternoon.,partly-cloudy-day,"53959099999,remote"
Linyi,2/3/22,10.1,-3.9,1.9,10.1,-7.3,-0.1,-8.4,48.3,0,0,0,,0,0,22,10.4,83,1027,29.3,18.4,154.1,13.3,5,10,2022-02-03T07:34:52,2022-02-03T18:07:04,0.03,Partially cloudy,Becoming cloudy in the afternoon.,partly-cloudy-day,"53959099999,remote"
Linyi,2/4/22,7.2,-1.9,0.9,5.2,-6.6,-2.2,-12,41.7,0,0,0,,0,0,42.1,31.7,253,1031.7,13.4,18.7,177,15.4,6,10,2022-02-04T07:34:03,2022-02-04T18:08:06,0.07,Clear,Clear conditions throughout the day.,clear-day,"53959099999,remote"
Linyi,2/5/22,4.7,-4.8,-0.3,3.7,-7.3,-3,-13.7,37.1,0,0,0,,0,0,23.8,12.2,65.6,1033.5,50.7,18.8,109,9.4,4,10,2022-02-05T07:33:13,2022-02-05T18:09:07,0.11,Partially cloudy,Partly cloudy throughout the day.,partly-cloudy-day,"53959099999,remote"
Linyi,2/6/22,4.6,-1.5,0.1,3.1,-5.2,-2.8,-7.9,55.7,0.5,100,16.67,"rain,snow",0.2,0.2,24.5,15.5,74.7,1031,74.3,16.8,93.2,8,4,10,2022-02-06T07:32:22,2022-02-06T18:10:08,0.15,"Snow, Rain, Partially cloudy",Partly cloudy throughout the day with rain or snow in the morning and afternoon.,snow,"53959099999,remote"
Linyi,2/7/22,3.7,-2.6,0,2.2,-5.9,-2.3,-8.5,54.5,0.1,100,4.17,"rain,snow",0,0.1,27,15.8,155.9,1029.1,46.5,18.6,114.7,10.1,4,10,2022-02-07T07:31:28,2022-02-07T18:11:09,0.2,"Snow, Rain, Partially cloudy",Partly cloudy throughout the day with afternoon rain or snow.,rain,"53959099999,remote"
Linyi,2/8/22,5.1,-2.4,0.4,4,-4.5,-0.5,-5.8,64.7,0,0,0,,0,0,27,8.6,273.8,1030.7,55.1,18.2,130.1,11.2,4,10,2022-02-08T07:30:34,2022-02-08T18:12:09,0.25,Partially cloudy,Partly cloudy throughout the day.,partly-cloudy-day,"53959099999,remote"
Linyi,2/9/22,6.7,-4.1,1.1,6.7,-4.1,0,-5.6,62.8,0,0,0,,0,0,20.9,11.2,227.1,1025.7,26.4,18,180.7,15.9,6,10,2022-02-09T07:29:38,2022-02-09T18:13:10,0.29,Partially cloudy,Clearing in the afternoon.,partly-cloudy-day,"53959099999,remote"
Linyi,2/10/22,10.2,-3.1,2.9,10.2,-5.2,1.9,-7.1,50.6,0.1,100,4.17,snow,0,0,20.9,10.8,74.1,1023.5,46.9,17.5,153.6,13.2,6,10,2022-02-10T07:28:41,2022-02-10T18:14:10,0.34,"Snow, Partially cloudy",Partly cloudy throughout the day with morning snow.,rain,"53959099999,remote"
Linyi,2/11/22,10.6,-0.3,3.9,10.6,-2.3,3,-6.1,49.6,0,0,0,,0,0,22.7,9.7,79.4,1024.2,41,18.2,153,13.1,5,10,2022-02-11T07:27:43,2022-02-11T18:15:10,0.38,Partially cloudy,Partly cloudy throughout the day.,partly-cloudy-day,"53959099999,remote"
Linyi,2/12/22,10.1,0.6,4.2,10.1,-2.8,3.1,-4,56.9,0,0,0,,0,0,22.7,10.8,122.1,1024.1,63.2,18.4,143.2,12.4,5,10,2022-02-12T07:26:43,2022-02-12T18:16:09,0.42,Partially cloudy,Partly cloudy throughout the day.,partly-cloudy-day,"53959099999,remote"
Linyi,2/13/22,10.1,0.1,4.6,10.1,-3.5,2.7,-2.9,59.5,0,0,0,,0,0,34.6,16.9,139.2,1020.4,14.2,18.4,175.5,15.3,5,10,2022-02-13T07:25:42,2022-02-13T18:17:08,0.45,Clear,Clear conditions throughout the day.,clear-day,"53959099999,remote"
Linyi,2/14/22,9.7,-0.9,4,7.6,-3,1.8,-4.6,57.4,0,0,0,,0,0,27.7,16.2,90.5,1023.8,30.9,18.1,170.6,14.8,6,10,2022-02-14T07:24:40,2022-02-14T18:18:07,0.48,Partially cloudy,Partly cloudy throughout the day.,partly-cloudy-day,"53959099999,remote"
Linyi,2/15/22,10.6,-1.1,3.8,10.6,-4.6,1.8,-2.4,66.5,0,0,0,,0,0,31.3,19.4,99.2,1022,5.5,18.2,194.9,16.9,6,10,2022-02-15T07:23:36,2022-02-15T18:19:06,0.49,Clear,Clear conditions throughout the day.,clear-day,"53959099999,remote"
Linyi,2/16/22,6.4,-1.6,2.2,2.7,-4.7,-1.5,-4,64.6,0,0,0,,0,0,36.7,22,117.4,1023,31.8,18.4,164.4,14.4,5,10,2022-02-16T07:22:32,2022-02-16T18:20:04,0.5,Partially cloudy,Becoming cloudy in the afternoon.,partly-cloudy-day,"53959099999,remote"
Linyi,2/17/22,2.3,-2.5,0,-1.8,-6.6,-4.6,-7.2,58.9,0,0,0,snow,0,0.1,43.2,25.2,120.8,1026.4,64.5,17.4,149.2,13.1,5,10,2022-02-17T07:21:26,2022-02-17T18:21:02,0.51,Partially cloudy,Partly cloudy throughout the day.,partly-cloudy-day,"53959099999,remote"
Linyi,2/18/22,2.7,-3.4,-0.8,-0.1,-7,-3.1,-4.7,76.3,3.5,100,12.5,"rain,snow",0.7,0.5,43.6,21.6,190.4,1030.3,63.9,13.4,86.5,7.4,3,10,2022-02-18T07:20:19,2022-02-18T18:22:00,0.52,"Snow, Rain, Partially cloudy",Partly cloudy throughout the day with rain or snow.,snow,"53959099999,remote"
Linyi,2/19/22,5.2,-2.3,0.9,4.4,-8.6,-1.7,-13.6,37.1,0,0,0,,0,0.2,47.5,25.2,256,1035.1,54.5,18.4,191.1,16.8,6,10,2022-02-19T07:19:12,2022-02-19T18:22:57,0.54,Partially cloudy,Partly cloudy throughout the day.,partly-cloudy-day,"53959099999,remote"
Linyi,2/20/22,6.9,-4.1,0.6,5.5,-7.3,-1.2,-12.3,40.3,0,0,0,,0,0,25.2,11.2,169.7,1032.8,39.5,18.6,207.3,18.1,6,10,2022-02-20T07:18:03,2022-02-20T18:23:54,0.58,Partially cloudy,Partly cloudy throughout the day.,partly-cloudy-day,"53959099999,remote"
Linyi,2/21/22,9.9,-2.8,3,9.9,-2.8,2,-12.6,35.1,0,0,0,,0,0,21.6,12.2,184.7,1031.3,58.4,18.7,204.7,17.7,7,10,2022-02-21T07:16:53,2022-02-21T18:24:51,0.62,Partially cloudy,Partly cloudy throughout the day.,partly-cloudy-day,"53959099999,remote"
Linyi,2/22/22,9.2,-1.4,3.5,9.2,-3.3,2.1,-14,28.2,0,0,0,,0,0,21.6,10.8,59.2,1033.3,51.8,18.7,192,16.7,7,10,2022-02-22T07:15:42,2022-02-22T18:25:47,0.67,Partially cloudy,Partly cloudy throughout the day.,partly-cloudy-day,"53959099999,remote"
Linyi,2/23/22,9.2,-1.6,3.4,7.1,-4.7,0.7,-9.3,39.8,0,0,0,,0,0,25.2,15.1,91.5,1031.8,43.9,18.6,191.5,16.6,6,10,2022-02-23T07:14:31,2022-02-23T18:26:43,0.73,Partially cloudy,Partly cloudy throughout the day.,partly-cloudy-day,"53959099999,remote"
Linyi,2/24/22,13.7,-0.1,5.1,13.7,-1.9,3.7,-4.6,51.2,0,0,0,,0,0,25.2,8.6,113.6,1028.5,2.1,18.7,215.5,18.8,7,10,2022-02-24T07:13:18,2022-02-24T18:27:38,0.79,Clear,Clear conditions throughout the day.,clear-day,"53959099999,remote"
Linyi,2/25/22,15.4,-0.4,7.9,15.4,-1.1,7.6,-3.1,48.3,0,0,0,,0,0,21.6,14.4,166.2,1023,25,18.7,210.9,18.4,7,10,2022-02-25T07:12:05,2022-02-25T18:28:34,0.84,Partially cloudy,Becoming cloudy in the afternoon.,partly-cloudy-day,"53959099999,remote"
Linyi,2/26/22,14.9,2.7,8.2,14.9,0.3,6.4,-10.1,29.3,0,0,0,,0,0,54.4,27.7,234.2,1025.1,8.4,18.9,232,20.3,7,10,2022-02-26T07:10:50,2022-02-26T18:29:29,0.89,Clear,Clear conditions throughout the day.,clear-day,"53959099999,remote"
Linyi,2/27/22,18.6,1.4,9.7,18.6,-1.9,8.6,-7.7,29.7,0,0,0,,0,0,32.4,20.9,95.1,1017,25.8,19.2,195.3,17,7,10,2022-02-27T07:09:35,2022-02-27T18:30:23,0.94,Partially cloudy,Becoming cloudy in the afternoon.,partly-cloudy-day,"53959099999,remote"
Linyi,2/28/22,16.4,5,10.1,16.4,3.5,9,-6.8,34.2,0,0,0,,0,0,55.1,38.2,306.5,1019,43,19,177.7,15.5,6,10,2022-02-28T07:08:20,2022-02-28T18:31:17,0.97,Partially cloudy,Partly cloudy throughout the day.,partly-cloudy-day,"53959099999,remote"
Linyi,3/1/22,12.4,1.1,6.4,12.4,-2.4,4,-11.8,27.4,0,0,0,,0,0,61.9,37.4,270.2,1026.1,38.6,18.9,213.8,16.5,7,10,2022-03-01T07:07:03,2022-03-01T18:32:11,1,Partially cloudy,Partly cloudy throughout the day.,partly-cloudy-day,"53959099999,remote"
Linyi,3/2/22,14.6,-0.6,7.3,14.6,-3.2,6.9,-10,30.5,0,0,0,,0,0,21.6,11.2,180,1021,0,18.8,238.2,17.1,7,10,2022-03-02T07:05:46,2022-03-02T18:33:05,1,Clear,Clear conditions throughout the day.,clear-day,"53959099999,remote"
Linyi,3/3/22,15,1.2,8.6,15,1.1,8.5,-6.2,36.3,0,0,0,,0,0,18,8.6,154.5,1017.8,44.3,18.4,151.2,10.9,4,10,2022-03-03T07:04:28,2022-03-03T18:33:58,0,Partially cloudy,Partly cloudy throughout the day.,partly-cloudy-day,"53959099999,remote"
Linyi,3/4/22,19.9,2.2,11.1,19.9,2.2,10.9,-4.8,36.1,0,0,0,,0,0,29.2,20.2,246.9,1018,24.6,19,229,16.4,7,10,2022-03-04T07:03:10,2022-03-04T18:34:51,0.02,Partially cloudy,Clearing in the afternoon.,partly-cloudy-day,"53959099999,remote"
Linyi,3/5/22,18.2,4.4,11.1,18.2,2.6,10.7,-8,27.5,0,0,0,,0,0,32.4,14.4,110.9,1019.1,49.6,18.9,201.3,14.3,6,10,2022-03-05T07:01:50,2022-03-05T18:35:44,0.04,Partially cloudy,Partly cloudy throughout the day.,partly-cloudy-day,"53959099999,remote"
Linyi,3/6/22,14.9,6.2,10.4,14.9,4,9.7,-2.7,40.3,0,0,0,rain,0,0,32.4,14.4,131.8,1019.7,62.4,17.7,143.9,10.3,4,10,2022-03-06T07:00:31,2022-03-06T18:36:36,0.08,Partially cloudy,Partly cloudy throughout the day.,partly-cloudy-day,"53959099999,remote"
Linyi,3/7/22,19.7,5.2,11.8,19.7,2.5,11.1,-4.2,36.3,0.1,100,4.17,rain,0,0,33.8,16.9,199.9,1018.9,1.8,18.5,255.7,19.2,7,10,2022-03-07T06:59:11,2022-03-07T18:37:28,0.12,Rain,Clear conditions throughout the day with afternoon rain.,rain,"53959099999,remote"
Linyi,3/8/22,22.7,7.2,13.9,22.7,5.2,13.3,-1.3,36.2,0,0,0,,0,0,32.4,13,84.6,1012.3,0.2,18.4,243.9,21,7,10,2022-03-08T06:57:50,2022-03-08T18:38:20,0.16,Clear,Clear conditions throughout the day.,clear-day,"53959099999,remote"
Linyi,3/9/22,21.9,9.2,15,21.9,7.9,14.8,3.7,47.8,0,0,0,,0,0,39.6,17.6,101.5,1014.6,48.1,19,195.8,16.9,6,10,2022-03-09T06:56:29,2022-03-09T18:39:11,0.21,Partially cloudy,Partly cloudy throughout the day.,partly-cloudy-day,"53959099999,remote"
Linyi,3/10/22,24.4,9.9,16.3,24.4,9.9,16.3,5.7,51.6,0,0,0,,0,0,28.8,11.2,100.1,1011.6,13.7,18.6,243,20.9,7,10,2022-03-10T06:55:07,2022-03-10T18:40:02,0.25,Clear,Clear conditions throughout the day.,clear-day,"53959099999,remote"
Linyi,3/11/22,27.2,12.8,19,26.4,12.8,18.9,7.1,47.4,0.1,100,4.17,rain,0,0,59,37.1,99.9,1009,18.3,18.2,238.7,20.5,7,10,2022-03-11T06:53:45,2022-03-11T18:40:53,0.3,Rain,Clear conditions throughout the day with late afternoon rain.,rain,"53959099999,remote"
Linyi,3/12/22,20.9,12.4,16.4,20.9,12.4,16.4,11.5,74.2,10,100,8.33,rain,0,0,51.5,27,161.2,1008.8,51.6,16.2,144,12.5,7,10,2022-03-12T06:52:23,2022-03-12T18:41:44,0.35,"Rain, Partially cloudy",Partly cloudy throughout the day with rain in the morning and afternoon.,rain,"53959099999,remote"
Linyi,3/13/22,24.2,11.4,17.4,24.2,11.4,17.4,10.2,65,0,0,0,,0,0,36,18,90.9,1006.8,3.5,18.1,249.9,21.7,7,10,2022-03-13T06:51:00,2022-03-13T18:42:35,0.39,Clear,Clear conditions throughout the day.,clear-day,"53959099999,remote"
Linyi,3/14/22,22.4,12.4,17.5,22.4,12.4,17.5,-0.7,35.2,0,0,0,,0,0,52.6,29.2,173.1,1014.8,22.6,17.7,259.7,22.4,8,10,2022-03-14T06:49:37,2022-03-14T18:43:25,0.43,Partially cloudy,Clearing in the afternoon.,partly-cloudy-day,"53959099999,remote"
Linyi,3/15/22,23.7,12.5,17.5,23.7,12.5,17.5,1.3,36.5,0,0,0,,0,0,25.2,14.8,201.4,1010.4,54.4,17.7,228.9,19.6,7,10,2022-03-15T06:48:13,2022-03-15T18:44:15,0.46,Partially cloudy,Partly cloudy throughout the day.,partly-cloudy-day,"53959099999,remote"
Linyi,3/16/22,16.6,9.4,13.1,16.6,7.9,13,5.5,64.9,2.9,100,12.5,rain,0,0,28.8,16.6,122.7,1012.1,65.3,14.8,18.8,1.8,1,10,2022-03-16T06:46:50,2022-03-16T18:45:05,0.48,"Rain, Partially cloudy",Partly cloudy throughout the day with rain.,rain,"53959099999,remote"
Linyi,3/17/22,11.7,6.5,8.3,11.7,4.2,6.3,3.3,70.8,0,0,0,,0,0,36,18,105.8,1018.5,65.3,17.6,74.3,6.4,2,10,2022-03-17T06:45:26,2022-03-17T18:45:54,0.5,Partially cloudy,Partly cloudy throughout the day.,partly-cloudy-day,"53959099999,remote"
Linyi,3/18/22,17.1,3.7,10,17.1,2.1,9.3,4.3,68.8,0,0,0,rain,0,0,36,14,169.4,1011.9,42.1,17.5,214.3,18.2,7,10,2022-03-18T06:44:02,2022-03-18T18:46:44,0.5,Partially cloudy,Partly cloudy throughout the day.,partly-cloudy-day,"53959099999,remote"
Linyi,3/19/22,11.4,4,8.1,11.4,0.8,6.2,-1,53.4,0,0,0,,0,0,46.8,21.6,101.2,1014.5,52.5,17.6,93.7,7.8,4,10,2022-03-19T06:42:37,2022-03-19T18:47:33,0.51,Partially cloudy,Partly cloudy throughout the day.,partly-cloudy-day,"53959099999,remote"
Linyi,3/20/22,12.7,3,7.9,12.7,1,6.9,-1.1,53.4,0.1,100,4.17,rain,0,0,46.8,14.4,125.6,1017.6,59.4,17.5,226.8,19.6,7,10,2022-03-20T06:41:13,2022-03-20T18:48:22,0.53,"Rain, Partially cloudy",Partly cloudy throughout the day with morning rain.,rain,"53959099999,remote"
Linyi,3/21/22,12.1,6.1,8.5,12.1,4,7.2,2.3,65.3,0.2,100,4.17,rain,0,0,36,14.4,107.8,1020.4,66.6,17.3,108.1,9.5,3,10,2022-03-21T06:39:48,2022-03-21T18:49:11,0.56,"Rain, Partially cloudy",Partly cloudy throughout the day with afternoon rain.,rain,"53959099999,remote"
Linyi,3/22/22,10.8,4.3,7.9,10.8,1.2,6.4,0.7,61.9,0,0,0,,0,0,36,18,122.3,1023.7,56.4,17.5,150.6,13,6,10,2022-03-22T06:38:24,2022-03-22T18:50:00,0.61,Partially cloudy,Partly cloudy throughout the day.,partly-cloudy-day,"53959099999,remote"
Linyi,3/23/22,19.2,2.7,10.3,19.2,1.4,9.9,4,68.7,0,0,0,,0,0,28.8,12.2,178,1015.7,17.6,17.6,262.1,22.7,9,10,2022-03-23T06:36:59,2022-03-23T18:50:49,0.66,Clear,Clear conditions throughout the day.,clear-day,"53959099999,remote"
Linyi,3/24/22,20.1,7.2,13.5,20.1,5.9,13.2,4.2,54.6,0,0,0,,0,0,36,16.9,102,1004.4,63.3,17.8,140.1,11.9,6,10,2022-03-24T06:35:35,2022-03-24T18:51:38,0.71,Partially cloudy,Partly cloudy throughout the day.,partly-cloudy-day,"53959099999,remote"
Linyi,3/25/22,14.7,8.4,11,14.7,5.2,10.7,3.5,62.7,5,100,8.33,rain,0,0,47.2,32.8,236.5,1011.7,56,17.4,86.9,7.7,4,10,2022-03-25T06:34:10,2022-03-25T18:52:26,0.77,"Rain, Partially cloudy",Partly cloudy throughout the day with rain in the morning and afternoon.,rain,"53959099999,remote"
Linyi,3/26/22,17.9,5.9,11.4,17.9,5.4,10.9,-5.6,35.9,0,0,0,,0,0,38.2,17.6,263.7,1019.9,66.7,17.4,188.5,16.3,6,10,2022-03-26T06:32:45,2022-03-26T18:53:15,0.83,Partially cloudy,Partly cloudy throughout the day.,partly-cloudy-day,"53959099999,remote"
Linyi,3/27/22,18.4,6.1,11.6,18.4,3.9,11.1,-7.9,26.6,0,0,0,,0,0,45,20.9,128,1021.3,61.3,17.7,233.5,20.2,8,10,2022-03-27T06:31:21,2022-03-27T18:54:03,0.88,Partially cloudy,Partly cloudy throughout the day.,partly-cloudy-day,"53959099999,remote"
Linyi,3/28/22,19.7,5.5,12.4,19.7,2.4,11.5,-0.4,42,0,0,0,,0,0,50.4,35.6,109,1015.2,6.9,17.7,273.7,23.4,9,10,2022-03-28T06:29:56,2022-03-28T18:54:52,0.92,Clear,Clear conditions throughout the day.,clear-day,"53959099999,remote"
Linyi,3/29/22,20.7,8.8,14.5,20.7,7.6,14.2,6.3,59.5,0,0,0,,0,0,39.6,14.4,184.1,1013.8,58.8,17.5,213.5,18.4,7,10,2022-03-29T06:28:32,2022-03-29T18:55:40,0.96,Partially cloudy,Partly cloudy throughout the day.,partly-cloudy-day,"53959099999,remote"
Linyi,3/30/22,22.2,9.6,15.7,22.2,9.6,15.7,4,51.6,0,0,0,,0,0,25.2,16.2,107.7,1020.1,58.5,17.6,224.3,19.4,8,10,2022-03-30T06:27:08,2022-03-30T18:56:28,0.99,Partially cloudy,Partly cloudy throughout the day.,partly-cloudy-day,"53959099999,remote"
Linyi,3/31/22,17.7,11.3,14.3,17.7,11.3,14.3,-1.2,38.7,0,0,0,,0,0,32.4,14.4,149.2,1029.3,66.7,17.7,170.7,14.8,7,10,2022-03-31T06:25:44,2022-03-31T18:57:16,1,Partially cloudy,Partly cloudy throughout the day.,partly-cloudy-day,"53959099999,remote"
Linyi,4/1/22,20.4,7.3,13.3,20.4,5,12.9,0.5,43.7,0,0,0,,0,0,28.8,13.7,156.8,1030.7,38.3,18.9,275.7,23.7,9,10,2022-04-01T06:24:20,2022-04-01T18:58:04,0,Partially cloudy,Partly cloudy throughout the day.,partly-cloudy-day,"53959099999,remote"
Linyi,4/2/22,20.1,5.9,12.5,20.1,4.2,12.1,-7.6,27.7,0,0,0,,0,0,45.7,26.3,279,1028.6,1.2,18.7,298.9,26.1,10,10,2022-04-02T06:22:56,2022-04-02T18:58:53,0.01,Clear,Clear conditions throughout the day.,clear-day,"53959099999,remote"
Linyi,4/3/22,22.7,6.4,14.1,22.7,3.6,13.5,-2.3,33.1,0,0,0,,0,0,36.4,22.3,101.5,1022.2,17.2,17.6,285,24.7,9,10,2022-04-03T06:21:33,2022-04-03T18:59:41,0.03,Clear,Clear conditions throughout the day.,clear-day,"53959099999,remote"
Linyi,4/4/22,25.1,10.8,16.7,25.1,10.8,16.7,6.1,51.6,0,0,0,,0,0,32.4,14,158.8,1020,66.7,18,230.4,19.9,8,10,2022-04-04T06:20:10,2022-04-04T19:00:29,0.05,Partially cloudy,Partly cloudy throughout the day.,partly-cloudy-day,"53959099999,remote"
Linyi,4/5/22,26.9,11.2,18.4,26.2,11.2,18.3,2.5,40.9,0,0,0,,0,0,25.2,15.1,210.8,1018.5,16.7,17.7,291.9,25.3,9,10,2022-04-05T06:18:47,2022-04-05T19:01:17,0.09,Clear,Clear conditions throughout the day.,clear-day,"53959099999,remote"
Linyi,4/6/22,28.9,9.6,18.9,27.3,8.7,18.7,-1.4,29,0,0,0,,0,0,25.2,15.1,193.9,1017.5,12.2,17.3,294.8,25.5,9,10,2022-04-06T06:17:25,2022-04-06T19:02:05,0.12,Clear,Clear conditions throughout the day.,clear-day,"53959099999,remote"
Linyi,4/7/22,28.4,11.7,18.9,26.9,11.7,18.8,0.4,33.6,0,0,0,,0,0,21.6,14,130.5,1016.6,0,18.2,306.8,26.6,9,10,2022-04-07T06:16:03,2022-04-07T19:02:53,0.17,Clear,Clear conditions throughout the day.,clear-day,"53959099999,remote"
Linyi,4/8/22,29.4,13.1,20.4,27.8,13.1,20.1,5.4,40.1,0,0,0,,0,0,27.7,23.4,156.1,1009.8,23.5,18.8,290.1,25.2,9,10,2022-04-08T06:14:41,2022-04-08T19:03:41,0.21,Partially cloudy,Becoming cloudy in the afternoon.,partly-cloudy-day,"53959099999,remote"
Linyi,4/9/22,32.1,14.9,22.4,29.8,14.9,21.9,5,35.4,0,0,0,,0,0,25.6,16.2,190.1,1006,11.9,17.6,296.2,25.5,9,10,2022-04-09T06:13:20,2022-04-09T19:04:30,0.26,Clear,Clear conditions throughout the day.,clear-day,"53959099999,remote"
Linyi,4/10/22,33.1,15.4,23.5,30.7,15.4,22.9,2.6,27.8,0,0,0,,0,0,28.8,11.9,139.9,1003.8,0,17.5,298.3,25.7,9,10,2022-04-10T06:12:00,2022-04-10T19:05:18,0.31,Clear,Clear conditions throughout the day.,clear-day,"53959099999,remote"
Linyi,4/11/22,30.7,14.9,21.9,28.7,14.9,21.5,3,33.4,0,0,0,rain,0,0,75.6,61.9,219.7,1006,38,17.4,263.5,22.7,9,10,2022-04-11T06:10:40,2022-04-11T19:06:06,0.35,Partially cloudy,Partly cloudy throughout the day.,wind,"53959099999,remote"
Linyi,4/12/22,19.1,10.1,14.5,19.1,10.1,14.5,2.8,51.8,2.3,100,8.33,rain,0,0,57.6,21.2,204.2,1015.9,70.8,19.2,189.4,16.5,8,10,2022-04-12T06:09:20,2022-04-12T19:06:55,0.4,"Rain, Partially cloudy",Partly cloudy throughout the day with rain clearing later.,rain,"53959099999,remote"
Linyi,4/13/22,20.6,9.5,15.2,20.6,8.4,15.1,4.6,52.2,0,0,0,,0,0,28.8,14.8,120,1014.7,40.6,18.4,292,25.3,9,10,2022-04-13T06:08:01,2022-04-13T19:07:43,0.44,Partially cloudy,Clearing in the afternoon.,partly-cloudy-day,"53959099999,remote"
Linyi,4/14/22,17.2,11.7,13.9,17.2,11.7,13.9,2.1,45.9,0,0,0,,0,0,41.4,25.2,89.1,1019.4,69.4,18.7,171.7,14.8,8,10,2022-04-14T06:06:42,2022-04-14T19:08:31,0.47,Partially cloudy,Partly cloudy throughout the day.,partly-cloudy-day,"53959099999,remote"
Linyi,4/15/22,15.2,7.8,11.7,15.2,7.1,11.4,1.8,53.8,0.1,100,4.17,rain,0,0,36.4,33.5,115.9,1025.8,66.7,18.4,155,13.4,6,10,2022-04-15T06:05:24,2022-04-15T19:09:20,0.49,"Rain, Partially cloudy",Partly cloudy throughout the day with morning rain.,rain,"53959099999,remote"
Linyi,4/16/22,17.7,5.8,11.6,17.7,4.3,11.2,-0.7,46.4,0,0,0,,0,0,36,14,112.3,1022.8,66.1,17.8,256.3,22,8,10,2022-04-16T06:04:07,2022-04-16T19:10:09,0.5,Partially cloudy,Partly cloudy throughout the day.,partly-cloudy-day,"53959099999,remote"
Linyi,4/17/22,18.6,5.9,12.2,18.6,5.9,12.1,4,59.3,0,0,0,,0,0,36,24.1,224.7,1019,65.4,18.4,236.8,20.3,9,10,2022-04-17T06:02:51,2022-04-17T19:10:57,0.51,Partially cloudy,Partly cloudy throughout the day.,partly-cloudy-day,"53959099999,remote"
Linyi,4/18/22,20.4,7.1,13.8,20.4,4.4,13.3,1.1,45.7,0,0,0,,0,0,43.2,29.2,286.1,1020.8,19.6,18.7,309.6,26.9,10,10,2022-04-18T06:01:35,2022-04-18T19:11:46,0.52,Clear,Clear conditions throughout the day.,clear-day,"53959099999,remote"
Linyi,4/19/22,22.7,6.7,15.2,22.7,6.7,15.1,0.2,38.5,0,0,0,,0,0,32.4,11.5,222,1019.1,29.6,17.4,297,25.7,9,10,2022-04-19T06:00:19,2022-04-19T19:12:35,0.55,Partially cloudy,Becoming cloudy in the afternoon.,partly-cloudy-day,"53959099999,remote"
Linyi,4/20/22,25.9,8.4,17.5,25.9,8.4,17.5,1.9,37.5,0,0,0,,0,0,25.9,23.8,202.1,1008.8,26.1,18.4,314.2,27.3,10,10,2022-04-20T05:59:05,2022-04-20T19:13:23,0.59,Partially cloudy,Partly cloudy throughout the day.,partly-cloudy-day,"53959099999,remote"
Linyi,4/21/22,29.2,12.2,20.3,27.7,12.2,20.1,5.8,41.4,0,0,0,,0,0,25.2,10.8,178.3,1003,49.6,21.9,285.8,24.8,9,10,2022-04-21T05:57:51,2022-04-21T19:14:12,0.64,Partially cloudy,Partly cloudy throughout the day.,partly-cloudy-day,"53959099999,remote"
Linyi,4/22/22,25.1,15.6,19.7,25.1,15.6,19.7,-1.7,26.2,0,0,0,,0,0,32.4,19.1,70.8,1009.8,56.5,21.5,207.9,17.8,9,10,2022-04-22T05:56:38,2022-04-22T19:15:01,0.7,Partially cloudy,Partly cloudy throughout the day.,partly-cloudy-day,"53959099999,remote"
Linyi,4/23/22,30.2,11.9,20.5,28.3,11.9,20.2,4.1,36.4,0,0,0,,0,0,21.6,11.2,111.7,1007.6,30.6,21.7,311.3,26.9,10,10,2022-04-23T05:55:26,2022-04-23T19:15:50,0.75,Partially cloudy,Partly cloudy throughout the day.,partly-cloudy-day,"53959099999,remote"
Linyi,4/24/22,26.9,16.9,21,26.3,16.9,21,9.1,48,0,0,0,,0,0,32.4,19.4,172.4,1005.4,66.7,20.3,125.1,10.9,5,10,2022-04-24T05:54:15,2022-04-24T19:16:39,0.81,Partially cloudy,Partly cloudy throughout the day.,partly-cloudy-day,"53959099999,remote"
Linyi,4/25/22,30.1,14,21.8,28.5,14,21.6,10.3,51.4,0,0,0,,0,0,25.2,16.2,216.4,1004.9,33.4,22.1,306.8,26.3,9,10,2022-04-25T05:53:05,2022-04-25T19:17:28,0.86,Partially cloudy,Becoming cloudy in the afternoon.,partly-cloudy-day,"53959099999,remote"
Linyi,4/26/22,30.8,15.2,23.2,28.8,15.2,22.8,9.2,44.5,0,0,0,,0,0,45.4,32.8,200.1,1005.7,50.7,21.9,282,24.4,9,10,2022-04-26T05:51:56,2022-04-26T19:18:17,0.91,Partially cloudy,Partly cloudy throughout the day.,partly-cloudy-day,"53959099999,remote"
Linyi,4/27/22,24.9,14.2,19.4,24.9,14.2,19.4,7.1,46.6,0.9,100,4.17,rain,0,0,52.6,41.4,136.5,1011.5,44.9,21.1,304.5,26.1,10,10,2022-04-27T05:50:47,2022-04-27T19:19:06,0.95,"Rain, Partially cloudy",Partly cloudy throughout the day with late afternoon rain.,rain,"53959099999,remote"
Linyi,4/28/22,17.5,10.2,12.9,17.5,10.2,12.9,8.6,77,19.1,100,16.67,rain,0,0,46.8,18.4,228.8,1019,47.4,16.2,153.6,13.3,6,10,2022-04-28T05:49:40,2022-04-28T19:19:55,0.98,"Rain, Partially cloudy",Partly cloudy throughout the day with a chance of rain throughout the day.,rain,"53959099999,remote"
Linyi,4/29/22,20.1,8.1,14.3,20.1,7,14,7,65.5,0,0,0,,0,0,18,9.7,127.5,1019.4,55,19.6,246.2,21.4,9,10,2022-04-29T05:48:33,2022-04-29T19:20:45,1,Partially cloudy,Partly cloudy throughout the day.,partly-cloudy-day,"53959099999,remote"
Linyi,4/30/22,18.9,10.6,14.9,18.9,10.6,14.9,3.5,51.5,0.7,100,8.33,rain,0,0,43.6,26.3,257.2,1022.9,66.7,19,180.6,15.6,8,10,2022-04-30T05:47:28,2022-04-30T19:21:34,1,"Rain, Partially cloudy",Partly cloudy throughout the day with rain.,rain,"53959099999,remote"
Linyi,5/1/22,22.9,6.9,16,22.9,6.9,15.9,-4.7,29,0,0,0,,0,0,36,21.6,282.3,1021.7,25,21,340.4,29.4,10,10,2022-05-01T05:46:24,2022-05-01T19:22:23,0,Partially cloudy,Clearing in the afternoon.,partly-cloudy-day,"53959099999,remote"
Linyi,5/2/22,26.7,9,18,26.7,8,17.9,-2.2,28,0,0,0,,0,0,36,19.8,239.6,1017.9,18.9,22.1,325.9,28.2,10,10,2022-05-02T05:45:20,2022-05-02T19:23:12,0.01,Clear,Clear conditions throughout the day.,clear-day,"53959099999,remote"
Linyi,5/3/22,29.2,8.9,19.5,27.5,8.9,19.2,0.1,31.1,0,0,0,,0,0,28.8,14.8,197.3,1015.5,0.7,22.1,338.2,29.1,10,10,2022-05-03T05:44:18,2022-05-03T19:24:01,0.03,Clear,Clear conditions throughout the day.,clear-day,"53959099999,remote"
Linyi,5/4/22,30.9,11.1,21.6,28.8,11.1,21.2,2.2,30.6,0,0,0,,0,0,25.2,11.5,130.7,1009.5,3.4,22.5,335.1,28.9,10,10,2022-05-04T05:43:17,2022-05-04T19:24:50,0.06,Clear,Clear conditions throughout the day.,clear-day,"53959099999,remote"
Linyi,5/5/22,32.6,15.8,24.1,30.3,15.8,23.5,6.9,34.9,0,0,0,,0,0,28.8,15.5,122.2,1004.9,22.5,23.7,322,27.6,10,10,2022-05-05T05:42:17,2022-05-05T19:25:39,0.09,Partially cloudy,Becoming cloudy in the afternoon.,partly-cloudy-day,"53959099999,remote"
Linyi,5/6/22,33.5,18,25.1,31.6,18,24.6,10.5,41.9,0,0,0,,0,0,51.8,33.5,102.5,1006.6,15.4,22.9,325,28.1,10,10,2022-05-06T05:41:19,2022-05-06T19:26:28,0.13,Clear,Clear conditions throughout the day.,clear-day,"53959099999,remote"
Linyi,5/7/22,24.2,13.5,19.2,24.2,13.5,19.2,8.7,51.8,0,0,0,,0,0,46.8,37.8,116.7,1014.7,19.7,21.2,320.9,27.7,9,10,2022-05-07T05:40:21,2022-05-07T19:27:16,0.18,Clear,Clear conditions throughout the day.,clear-day,"53959099999,remote"
Linyi,5/8/22,21.7,10.4,15.4,21.7,10.4,15.4,7.7,61,0.3,100,8.33,rain,0,0,46.8,21.6,88.3,1016,42,19.1,187,16.2,9,10,2022-05-08T05:39:25,2022-05-08T19:28:05,0.22,"Rain, Partially cloudy",Partly cloudy throughout the day with late afternoon rain.,rain,"53959099999,remote"
Linyi,5/9/22,16.1,8.1,10.8,16.1,6.6,10.4,8.1,83.6,12.2,100,12.5,rain,0,0,36,14.4,119.9,1018.7,53.6,15.8,46.4,3.8,3,10,2022-05-09T05:38:30,2022-05-09T19:28:53,0.27,"Rain, Partially cloudy",Partly cloudy throughout the day with rain clearing later.,rain,"53959099999,remote"
Linyi,5/10/22,22.7,8.1,15.3,22.7,8.1,15.2,9.3,70.4,0,0,0,,0,0,21.6,13,152,1013.2,31.8,19.9,327.5,28.2,10,10,2022-05-10T05:37:37,2022-05-10T19:29:41,0.32,Partially cloudy,Partly cloudy throughout the day.,partly-cloudy-day,"53959099999,remote"
Linyi,5/11/22,22.8,14.7,18.3,22.8,14.7,18.3,10.7,63,0,0,0,,0,0,50.4,31.3,110.5,1012.1,46.4,18.9,267.4,23,8,10,2022-05-11T05:36:44,2022-05-11T19:30:30,0.37,Partially cloudy,Partly cloudy throughout the day.,partly-cloudy-day,"53959099999,remote"
Linyi,5/12/22,23.6,11.4,16.7,23.6,11.4,16.7,9.2,63.2,0,0,0,rain,0,0,64.8,32.4,80.7,1012,34.4,19.4,321.1,27.7,10,10,2022-05-12T05:35:53,2022-05-12T19:31:17,0.41,Partially cloudy,Partly cloudy throughout the day.,partly-cloudy-day,"53959099999,remote"
Linyi,5/13/22,21.1,10.1,15.6,21.1,10.1,15.6,3.7,53,2.3,100,8.33,rain,0,0,64.8,28.1,267,1017.1,47.8,19.8,326.1,28.2,10,10,2022-05-13T05:35:04,2022-05-13T19:32:05,0.45,"Rain, Partially cloudy",Becoming cloudy in the afternoon with rain clearing later.,rain,"53959099999,remote"
Linyi,5/14/22,19.2,9.9,14.3,19.2,6.9,14.2,3.3,51.1,0.1,100,4.17,rain,0,0,32.4,23.8,252.4,1020.5,53,19.7,232.3,20,8,10,2022-05-14T05:34:15,2022-05-14T19:32:52,0.48,"Rain, Partially cloudy",Partly cloudy throughout the day with morning rain.,rain,"53959099999,remote"
Linyi,5/15/22,24.4,7.9,15.4,24.4,7.3,15.1,4.3,54.7,0,0,0,,0,0,32.4,14.4,228,1019.4,53.5,21,316.8,27.4,9,10,2022-05-15T05:33:28,2022-05-15T19:33:39,0.5,Partially cloudy,Partly cloudy throughout the day.,partly-cloudy-day,"53959099999,remote"
Linyi,5/16/22,26.9,9.4,19.3,26.7,9.4,19.2,-0.9,31.3,0,0,0,,0,0,36,18,219.5,1014,18.5,21.9,351.8,30.3,10,10,2022-05-16T05:32:43,2022-05-16T19:34:26,0.5,Clear,Clear conditions throughout the day.,clear-day,"53959099999,remote"
Linyi,5/17/22,29.7,9.4,20.8,27.9,9.4,20.4,-0.9,27.7,0,0,0,,0,0,28.8,14.8,200.3,1011,5,22.1,353,30.6,10,10,2022-05-17T05:31:59,2022-05-17T19:35:13,0.52,Clear,Clear conditions throughout the day.,clear-day,"53959099999,remote"
Linyi,5/18/22,30.7,13.4,22.9,28.7,13.4,22.3,1.6,28.5,0,0,0,,0,0,32.4,27.4,110,1010.9,57.7,22.5,304.1,26.2,9,10,2022-05-18T05:31:17,2022-05-18T19:35:59,0.54,Partially cloudy,Partly cloudy throughout the day.,partly-cloudy-day,"53959099999,remote"
Linyi,5/19/22,28.9,15.5,22.1,27.5,15.5,21.8,8.9,45.8,0,0,0,,0,0,43.9,20.2,120.9,1011.4,58.7,22.7,319,27.5,10,10,2022-05-19T05:30:36,2022-05-19T19:36:44,0.58,Partially cloudy,Partly cloudy throughout the day.,partly-cloudy-day,"53959099999,remote"
Linyi,5/20/22,30.9,14.4,23.5,29.2,14.4,22.9,7.8,40.5,0,0,0,,0,0,32,13.3,101.8,1010.2,28.8,23.1,340.8,29.5,10,10,2022-05-20T05:29:56,2022-05-20T19:37:30,0.63,Partially cloudy,Partly cloudy throughout the day.,partly-cloudy-day,"53959099999,remote"
Linyi,5/21/22,32.7,16.9,25.4,30.5,16.9,24.6,5.7,30.7,0,0,0,,0,0,25.2,20.9,127.3,1007.4,66.3,23.2,292,25,9,10,2022-05-21T05:29:18,2022-05-21T19:38:14,0.68,Partially cloudy,Partly cloudy throughout the day.,partly-cloudy-day,"53959099999,remote"
Linyi,5/22/22,32.4,18.2,25.4,30.1,18.2,24.6,6.8,35,0,0,0,,0,0,44.3,22.3,149.4,1004.5,39,23.5,322.2,27.8,10,10,2022-05-22T05:28:42,2022-05-22T19:38:59,0.74,Partially cloudy,Partly cloudy throughout the day.,partly-cloudy-day,"53959099999,remote"
Linyi,5/23/22,32.4,17.6,25.2,30.5,17.6,24.5,7.4,34.4,0,0,0,,0,0,43.2,18.7,109.3,1005,3.5,23.8,343.2,29.8,10,10,2022-05-23T05:28:07,2022-05-23T19:39:43,0.79,Clear,Clear conditions throughout the day.,clear-day,"53959099999,remote"
Linyi,5/24/22,34.7,19.2,26.6,32.9,19.2,25.9,9.9,37.3,0,0,0,,0,0,46.8,15.1,114.8,1007.1,13.9,23.8,339.2,29.2,10,10,2022-05-24T05:27:33,2022-05-24T19:40:26,0.85,Clear,Clear conditions throughout the day.,clear-day,"53959099999,remote"
Linyi,5/25/22,34.6,19.2,25.1,32.6,19.2,24.7,10.8,43.9,1,100,4.17,rain,0,0,42.8,37.1,92.3,1007.9,57.9,22.1,208.8,17.8,9,10,2022-05-25T05:27:02,2022-05-25T19:41:08,0.89,"Rain, Partially cloudy",Partly cloudy throughout the day with late afternoon rain.,rain,"53959099999,remote"
Linyi,5/26/22,29.3,17.6,23.1,28.1,17.6,22.8,7.1,36.7,0,0,0,,0,0,32.4,13,160.6,1008.4,57.6,23,300.9,26,9,10,2022-05-26T05:26:31,2022-05-26T19:41:50,0.93,Partially cloudy,Partly cloudy throughout the day.,partly-cloudy-day,"53959099999,remote"
Linyi,5/27/22,31.5,16.9,24.7,29.3,16.9,24.2,9.6,42.9,0,0,0,,0,0,21.6,12.2,139.3,1003.8,66.7,22.2,262,22.6,9,10,2022-05-27T05:26:03,2022-05-27T19:42:32,0.96,Partially cloudy,Partly cloudy throughout the day.,partly-cloudy-day,"53959099999,remote"
Linyi,5/28/22,33.1,17.9,25.7,30.9,17.9,25,9.9,40.9,0,0,0,,0,0,21.6,16.9,189,998.9,42.7,22.9,328.7,28.4,10,10,2022-05-28T05:25:36,2022-05-28T19:43:12,0.99,Partially cloudy,Partly cloudy throughout the day.,partly-cloudy-day,"53959099999,remote"
Linyi,5/29/22,33,18.2,26.6,31,18.2,25.8,6.3,30.4,0,0,0,,0,0,46.8,38.9,220.6,1000.4,60.9,23.4,251,21.5,9,10,2022-05-29T05:25:10,2022-05-29T19:43:52,1,Partially cloudy,Partly cloudy throughout the day.,partly-cloudy-day,"53959099999,remote"
Linyi,5/30/22,30.5,16.7,24,28.5,16.7,23.4,-1.7,21.3,0,0,0,,0,0,46.8,21.6,202.7,1008.2,42.5,23.2,332.5,28.8,10,10,2022-05-30T05:24:47,2022-05-30T19:44:31,0,Partially cloudy,Partly cloudy throughout the day.,partly-cloudy-day,"53959099999,remote"
Linyi,5/31/22,31.3,16.9,24.4,29.2,16.9,23.8,2.3,27.7,0,0,0,,0,0,37.1,24.8,158.8,1004.1,64.4,22.2,201.7,17.5,5,10,2022-05-31T05:24:25,2022-05-31T19:45:10,0,Partially cloudy,Partly cloudy throughout the day.,partly-cloudy-day,"53959099999,remote"
Linyi,6/1/22,35.1,16.7,26.3,33,16.7,25.6,10.5,41.6,0,0,0,,0,0,50,27.7,174.3,1002.7,12.9,23.2,345.7,29.9,10,10,2022-06-01T05:24:04,2022-06-01T19:45:47,0.02,Clear,Clear conditions throughout the day.,clear-day,"53959099999,remote"
Linyi,6/2/22,36.2,21.9,29.3,33.9,21.9,28.2,8.7,29.5,0,0,0,,0,0,46.4,27.4,103.8,1000.4,32.4,24.6,346,30,10,10,2022-06-02T05:23:46,2022-06-02T19:46:24,0.04,Partially cloudy,Partly cloudy throughout the day.,partly-cloudy-day,"53959099999,remote"
Linyi,6/3/22,36.1,22.2,30.4,34.1,22.2,29.4,11,32.2,0,0,0,,0,0,41.4,24.8,102.9,1000.1,46.3,25,312.5,26.9,9,10,2022-06-03T05:23:28,2022-06-03T19:47:00,0.07,Partially cloudy,Partly cloudy throughout the day.,partly-cloudy-day,"53959099999,remote"
Linyi,6/4/22,25.7,17.6,21.3,25.7,17.6,21.3,15.4,70.7,4.3,100,12.5,rain,0,0,50.8,38.9,265.4,1006.4,64,19,92.7,8.1,5,10,2022-06-04T05:23:13,2022-06-04T19:47:35,0.11,"Rain, Partially cloudy",Partly cloudy throughout the day with a chance of rain throughout the day.,rain,"53959099999,remote"
Linyi,6/5/22,35.3,16.1,24.8,32.5,16.1,24.2,9.4,48.9,0,0,0,,0,0,32.4,25.2,204.8,1005.1,30.1,23.2,353.3,30.5,10,10,2022-06-05T05:22:59,2022-06-05T19:48:08,0.14,Partially cloudy,Clearing in the afternoon.,partly-cloudy-day,"53959099999,remote"
Linyi,6/6/22,35.6,18.7,28.1,32.8,18.7,26.9,1.4,25,0,0,0,,0,0,32.4,24.1,191.3,1003.7,38.9,23,343.8,29.6,10,10,2022-06-06T05:22:47,2022-06-06T19:48:41,0.19,Partially cloudy,Partly cloudy throughout the day.,partly-cloudy-day,"53959099999,remote"
Linyi,6/7/22,34.9,21,27.6,32.3,21,26.7,4.3,24.3,0,0,0,,0,0,39.6,19.4,126.3,1004.2,48.1,23.9,314.2,27.1,10,10,2022-06-07T05:22:36,2022-06-07T19:49:13,0.24,Partially cloudy,Partly cloudy throughout the day.,partly-cloudy-day,"53959099999,remote"
Linyi,6/8/22,36.8,19.1,28.6,34.4,19.1,27.5,7.9,31,0,0,0,,0,0,47.2,34.2,171.6,1003.1,30.8,23.9,342.3,29.6,10,10,2022-06-08T05:22:28,2022-06-08T19:49:44,0.29,Partially cloudy,Clearing in the afternoon.,partly-cloudy-day,"53959099999,remote"
Linyi,6/9/22,32.5,18.6,25.7,32,18.6,25.4,13,49,60,100,8.33,rain,0,0,64.8,25.6,125.8,1005.6,69.7,21.7,246.2,21.1,8,10,2022-06-09T05:22:20,2022-06-09T19:50:13,0.35,"Rain, Partially cloudy",Partly cloudy throughout the day with late afternoon rain.,rain,"53959099999,remote"
Linyi,6/10/22,31,16.7,24.2,30.4,16.7,23.9,14.8,60.5,0.5,100,4.17,rain,0,0,64.8,11.2,129,1006.7,12.4,22.9,345.5,29.9,10,10,2022-06-10T05:22:15,2022-06-10T19:50:42,0.39,Rain,Clear conditions throughout the day with early morning rain.,rain,"53959099999,remote"
Linyi,6/11/22,33.4,21,26.9,31.6,21,26.6,13.7,45.8,0.1,100,4.17,rain,0,0,42.5,31.7,128.8,1005.5,45,24.7,302.8,26.3,10,10,2022-06-11T05:22:11,2022-06-11T19:51:09,0.44,"Rain, Partially cloudy",Partly cloudy throughout the day with late afternoon rain.,rain,"53959099999,remote"
Linyi,6/12/22,29.6,19.7,24,28.2,19.7,23.8,15.6,62.7,17.1,100,12.5,rain,0,0,28.8,14.8,209.9,1006.7,38.9,22.3,307.8,26.3,10,10,2022-06-12T05:22:09,2022-06-12T19:51:35,0.47,"Rain, Partially cloudy",Clearing in the afternoon with a chance of rain throughout the day.,rain,"53959099999,remote"
Linyi,6/13/22,33.4,18.6,26.6,31.7,18.6,25.8,9.9,43.7,0,0,0,,0,0,43.6,32.4,218.1,1004.1,1.6,24,357,30.8,10,30,2022-06-13T05:22:08,2022-06-13T19:52:00,0.49,Clear,Clear conditions throughout the day.,clear-day,"53959099999,remote"
Linyi,6/14/22,34.9,17.4,27.5,32.2,17.4,26.5,5.1,27.5,0,0,0,,0,0,32.4,14.8,161.6,1004.4,0.3,24.6,359,31,10,10,2022-06-14T05:22:09,2022-06-14T19:52:23,0.5,Clear,Clear conditions throughout the day.,clear-day,"53959099999,remote"
Linyi,6/15/22,35.2,18.7,28.8,33.4,18.7,27.8,6.4,27.6,0,0,0,,0,0,28.8,14.4,121.1,1002.9,0,24.2,358,31,10,10,2022-06-15T05:22:11,2022-06-15T19:52:45,0.51,Clear,Clear conditions throughout the day.,clear-day,"53959099999,remote"
Linyi,6/16/22,37.4,22.6,30.3,36.4,22.6,29.4,9.7,30.4,0,0,0,,0,0,24.8,15.1,154.7,1001,0.2,24.8,353.5,30.5,10,10,2022-06-16T05:22:15,2022-06-16T19:53:06,0.53,Clear,Clear conditions throughout the day.,clear-day,"53959099999,remote"
Linyi,6/17/22,40.1,21.1,31.7,37.4,21.1,30.4,8.9,27.6,0,0,0,,0,0,51.1,30.6,139.3,998.8,34.3,24.7,345.1,29.7,10,10,2022-06-17T05:22:21,2022-06-17T19:53:25,0.57,Partially cloudy,Partly cloudy throughout the day.,partly-cloudy-day,"53959099999,remote"
Linyi,6/18/22,37.9,22.7,31.1,35.6,22.7,29.9,9.6,28.1,0,0,0,,0,0,44.3,34.6,116.6,999.4,26.2,25.5,348.8,30,10,10,2022-06-18T05:22:28,2022-06-18T19:53:43,0.62,Partially cloudy,Becoming cloudy in the afternoon.,partly-cloudy-day,"53959099999,remote"
Linyi,6/19/22,36.6,23.7,30.5,35.1,23.7,30.1,14.3,39,0,0,0,,0,0,43.6,34.6,114.1,1000.9,38.2,25.3,327.4,28.5,10,10,2022-06-19T05:22:37,2022-06-19T19:54:00,0.67,Partially cloudy,Clearing in the afternoon.,partly-cloudy-day,"53959099999,remote"
Linyi,6/20/22,36.6,23.6,31,35.2,23.6,30.3,13.7,37.8,0,0,0,,0,0,48.2,33.8,109.4,999.1,29.3,25,335.3,29,10,10,2022-06-20T05:22:47,2022-06-20T19:54:15,0.72,Partially cloudy,Becoming cloudy in the afternoon.,partly-cloudy-day,"53959099999,remote"
Linyi,6/21/22,37.6,25.4,31.4,36.5,25.4,31,14,35.8,0,0,0,,0,0,43.2,26.6,118.8,997.4,45.6,25.7,295.6,25.5,9,10,2022-06-21T05:22:58,2022-06-21T19:54:29,0.77,Partially cloudy,Partly cloudy throughout the day.,partly-cloudy-day,"53959099999,remote"
Linyi,6/22/22,36.9,24.8,29.6,39,24.8,30.7,19.4,56.3,9,100,4.17,rain,0,0,49.3,36.4,179.4,999.2,46.3,22.8,259.3,22.4,9,10,2022-06-22T05:23:11,2022-06-22T19:54:41,0.82,"Rain, Partially cloudy",Partly cloudy throughout the day with late afternoon rain.,rain,"53959099999,remote"
Linyi,6/23/22,37.5,22.4,29.6,36.7,22.4,29.5,17,54,0,0,0,,0,0,39.6,18,260.9,1002,10.7,25.1,346.8,29.9,10,10,2022-06-23T05:23:26,2022-06-23T19:54:51,0.87,Clear,Clear conditions throughout the day.,clear-day,"53959099999,remote"
Linyi,6/24/22,38.8,22.7,31.8,37.5,22.7,31.1,12.1,34.8,0,0,0,,0,0,25.2,13,188.8,999.9,8.3,24.8,351.8,30.3,10,10,2022-06-24T05:23:42,2022-06-24T19:55:01,0.91,Clear,Clear conditions throughout the day.,clear-day,"53959099999,remote"
Linyi,6/25/22,40.9,23.2,33.6,37.3,23.2,31.8,7.8,24.3,0,0,0,,0,0,42.1,27,122.1,996.1,58.4,25.2,335.8,28.9,9,10,2022-06-25T05:23:59,2022-06-25T19:55:08,0.95,Partially cloudy,Partly cloudy throughout the day.,partly-cloudy-day,"53959099999,remote"
Linyi,6/26/22,32.2,22.6,29,33.8,22.6,29.5,17.4,51.5,3,100,4.17,rain,0,0,50.4,23,172.6,998.3,64.9,24,60.2,5.2,4,10,2022-06-26T05:24:18,2022-06-26T19:55:14,0.97,"Rain, Partially cloudy",Partly cloudy throughout the day with late afternoon rain.,rain,"53959099999,remote"
Linyi,6/27/22,34.9,21.5,27.6,33.8,21.5,27.5,17.2,58.8,3.2,100,8.33,rain,0,0,50.4,17.6,262.8,998.7,43.6,22.8,302.5,26.2,10,10,2022-06-27T05:24:37,2022-06-27T19:55:18,0.99,"Rain, Partially cloudy",Partly cloudy throughout the day with rain clearing later.,rain,"53959099999,remote"
Linyi,6/28/22,33.4,22.7,28.3,32.3,22.7,27.7,12.5,40,1,100,4.17,rain,0,0,39.6,28.4,294.4,998.6,13.4,24.3,248.4,21.6,10,10,2022-06-28T05:24:59,2022-06-28T19:55:21,1,Rain,Clear conditions throughout the day with late afternoon rain.,rain,"53959099999,remote"
Linyi,6/29/22,35.3,20.7,29.1,34.1,20.7,28.6,13.4,41.1,0.1,100,4.17,rain,0,0,39.6,21.2,285.8,1000.2,7.3,24.3,344.3,29.6,10,10,2022-06-29T05:25:21,2022-06-29T19:55:22,0,Rain,Clear conditions throughout the day with late afternoon rain.,rain,"53959099999,remote"
Linyi,6/30/22,36.9,24.3,29.6,35.3,24.3,29.5,15.1,44,0.3,100,4.17,rain,0,0,44.6,25.2,113.4,1002.5,2.9,25,335.5,29,10,30,2022-06-30T05:25:45,2022-06-30T19:55:21,0.01,Rain,Clear conditions throughout the day with early morning rain.,rain,"53959099999,remote"
Linyi,7/1/22,37,23.3,29.4,37.2,23.3,29.8,17.5,51.8,0,0,0,,0,0,40,23.8,107,1004,15,24.9,325.3,28.1,10,30,2022-07-01T05:26:10,2022-07-01T19:55:19,0.03,Clear,Clear conditions throughout the day.,clear-day,"53959099999,remote"
Linyi,7/2/22,35,24.5,28.4,35.4,24.5,28.9,18.4,56.4,0.6,100,8.33,rain,0,0,43.2,36.4,112.7,1003.9,66.1,24.3,229.5,19.7,9,10,2022-07-02T05:26:36,2022-07-02T19:55:15,0.05,"Rain, Partially cloudy",Partly cloudy throughout the day with rain.,rain,"53959099999,remote"
Linyi,7/3/22,35.9,22.6,28.8,36.4,22.6,30,19.1,57.3,0.1,100,4.17,rain,0,0,43.2,26.3,119.4,1000.8,18.2,25.9,286.1,24.7,10,30,2022-07-03T05:27:03,2022-07-03T19:55:10,0.08,Rain,Clear conditions throughout the day with late afternoon rain.,rain,"53959099999,remote"
Linyi,7/4/22,38.4,24.6,30.7,38.8,24.6,31.8,19.6,55,0,0,0,,0,0,39.2,29.9,114.7,999,0.5,25,337,29.1,10,30,2022-07-04T05:27:31,2022-07-04T19:55:02,0.12,Clear,Clear conditions throughout the day.,clear-day,"53959099999,remote"
Linyi,7/5/22,34.8,25,29.6,35.6,25,30.2,18.7,54.8,0.1,100,4.17,rain,0,0,46.8,29.9,177.1,1000.1,26.6,25.1,235.5,20.2,8,10,2022-07-05T05:28:00,2022-07-05T19:54:54,0.17,"Rain, Partially cloudy",Becoming cloudy in the afternoon with afternoon rain.,rain,"53959099999,remote"
Linyi,7/6/22,37.1,21.7,29.3,35.7,21.7,28.9,15.1,48.3,0,0,0,,0,0,43.2,18.4,238.5,1001.3,3.5,24.4,346.8,29.8,10,10,2022-07-06T05:28:31,2022-07-06T19:54:43,0.22,Clear,Clear conditions throughout the day.,clear-day,"53959099999,remote"
Linyi,7/7/22,39.9,24.1,32.1,37.4,24.1,31.2,12.8,35.5,0,0,0,,0,0,49.3,29.9,120.9,1001.5,0,25.1,347.1,29.9,10,10,2022-07-07T05:29:02,2022-07-07T19:54:31,0.27,Clear,Clear conditions throughout the day.,clear-day,"53959099999,remote"
Linyi,7/8/22,40.6,24.6,32.7,40,24.6,31.8,11.7,30.8,0,0,0,,0,0,42.1,20.9,141.6,999.7,0,25.9,346,29.7,10,10,2022-07-08T05:29:34,2022-07-08T19:54:17,0.33,Clear,Clear conditions throughout the day.,clear-day,"53959099999,remote"
Linyi,7/9/22,40.7,26.2,33.3,40.6,26.2,33.4,14.3,33.8,0,0,0,,0,0,45.7,32.8,97.7,998,19.6,25.9,331.7,28.6,10,10,2022-07-09T05:30:08,2022-07-09T19:54:01,0.38,Clear,Clear conditions throughout the day.,clear-day,"53959099999,remote"
Linyi,7/10/22,38,25.8,31.5,44.1,25.8,34.3,21.3,56.9,4,100,4.17,rain,0,0,86.4,37.1,110.1,998.1,32.7,25.4,293.1,25.2,9,60,2022-07-10T05:30:42,2022-07-10T19:53:43,0.42,"Rain, Partially cloudy",Partly cloudy throughout the day with afternoon rain.,rain,"53959099999,remote"
Linyi,7/11/22,30.6,23.2,25.9,33.9,23.2,26.4,19.9,69.8,4.2,100,25,rain,0,0,86.4,31,120.2,1000.4,65.4,23.8,215.5,18.4,8,10,2022-07-11T05:31:17,2022-07-11T19:53:24,0.46,"Rain, Partially cloudy",Partly cloudy throughout the day with rain.,rain,"53959099999,remote"
Linyi,7/12/22,31.8,22.2,26.1,34,22.2,27.1,20.9,74.4,0.1,100,4.17,rain,0,0,43.2,14,64.6,1001.4,60.7,23.6,173.8,15.1,9,10,2022-07-12T05:31:52,2022-07-12T19:53:03,0.49,"Rain, Partially cloudy",Partly cloudy throughout the day with late afternoon rain.,rain,"53959099999,remote"
Linyi,7/13/22,30.1,23.7,26,32.1,23.7,26.7,21.5,77.2,13.1,100,16.67,rain,0,0,21.6,13.7,112.5,1002.6,57.9,21.5,134.1,11.5,8,10,2022-07-13T05:32:29,2022-07-13T19:52:41,0.5,"Rain, Partially cloudy",Partly cloudy throughout the day with a chance of rain throughout the day.,rain,"53959099999,remote"
Linyi,7/14/22,34.4,23.6,28.6,44.3,23.6,31.2,22.2,69.7,5,100,41.67,rain,0,0,28.8,18,103.9,1001.3,32.7,20.5,247,21.3,9,30,2022-07-14T05:33:06,2022-07-14T19:52:17,0.51,"Rain, Partially cloudy",Partly cloudy throughout the day with a chance of rain throughout the day.,rain,"53959099999,remote"
Linyi,7/15/22,31.7,23.9,27.6,39.2,23.9,29.9,23.1,77.1,7.3,100,8.33,rain,0,0,28.8,19.1,52.1,1000.4,59.6,17.5,187.1,16.1,6,30,2022-07-15T05:33:44,2022-07-15T19:51:51,0.53,"Rain, Partially cloudy",Partly cloudy throughout the day with rain clearing later.,rain,"53959099999,remote"
Linyi,7/16/22,27.8,21.9,24.5,29.9,21.9,24.8,21.9,86.4,32,100,12.5,rain,0,0,46.8,29.5,236.5,1001.3,56.2,16.7,172.5,15.1,8,10,2022-07-16T05:34:23,2022-07-16T19:51:24,0.55,"Rain, Partially cloudy",Partly cloudy throughout the day with rain clearing later.,rain,"53959099999,remote"
Linyi,7/17/22,34.2,21.9,27.5,35.3,21.9,27.6,17.5,59.1,0,0,0,,0,0,36,21.2,270.7,1002.5,32.6,24.5,308,26.6,9,10,2022-07-17T05:35:02,2022-07-17T19:50:54,0.6,Partially cloudy,Partly cloudy throughout the day.,partly-cloudy-day,"53959099999,remote"
Linyi,7/18/22,32.9,21.7,27.3,32.6,21.7,27.4,17,56.3,0,0,0,,0,0,21.6,16.2,188,1002.7,57.6,23.7,189.8,16.6,7,10,2022-07-18T05:35:42,2022-07-18T19:50:24,0.65,Partially cloudy,Partly cloudy throughout the day.,partly-cloudy-day,"53959099999,remote"
Linyi,7/19/22,26.5,17,20,26.5,17,20,17.4,86,18.6,100,20.83,rain,0,0,40.7,24.8,199.3,1007,66.7,14.2,12.9,1.2,1,10,2022-07-19T05:36:22,2022-07-19T19:49:51,0.7,"Rain, Partially cloudy",Partly cloudy throughout the day with a chance of rain throughout the day.,rain,"53959099999,remote"
Linyi,7/20/22,28.7,16.7,22.6,29.2,16.7,22.7,16.7,72.1,3.1,100,8.33,rain,0,0,21.6,13.3,226.8,1006.8,24.8,22.4,313.3,27.1,9,10,2022-07-20T05:37:03,2022-07-20T19:49:17,0.75,"Rain, Partially cloudy",Partly cloudy throughout the day with rain clearing later.,rain,"53959099999,remote"
Linyi,7/21/22,33.7,19.7,27,37.2,19.7,27.3,17,57,0,0,0,,0,0,26.6,20.2,117.6,1006.5,8.8,23.4,334.8,28.9,10,10,2022-07-21T05:37:45,2022-07-21T19:48:42,0.8,Clear,Clear conditions throughout the day.,clear-day,"53959099999,remote"
Linyi,7/22/22,27.9,19.4,21.4,29,19.4,21.5,18.6,85.5,33,100,20.83,rain,0,0,46.8,18,205.2,1008.5,65,14.3,29.8,2.5,2,10,2022-07-22T05:38:27,2022-07-22T19:48:04,0.85,"Rain, Partially cloudy",Partly cloudy throughout the day with a chance of rain throughout the day.,rain,"53959099999,remote"
Linyi,7/23/22,30,17.7,23.4,30.6,17.7,23.4,16.9,70.9,0,0,0,,0,0,21.6,10.8,180.2,1007.1,0.5,22.2,335.5,29,10,10,2022-07-23T05:39:09,2022-07-23T19:47:26,0.89,Clear,Clear conditions throughout the day.,clear-day,"53959099999,remote"
Linyi,7/24/22,33.9,19.2,27.1,36.6,19.2,27.5,16.5,54.7,0,0,0,,0,0,32.8,18,115.6,1003.4,0,23.3,334.4,28.9,10,10,2022-07-24T05:39:52,2022-07-24T19:46:45,0.93,Clear,Clear conditions throughout the day.,clear-day,"53959099999,remote"
Linyi,7/25/22,33.8,22.9,28.1,37.1,22.9,29.6,20.1,62.8,0.9,100,25,rain,0,0,36,21.6,94.9,1002.1,16.7,24.5,303.3,26.2,9,60,2022-07-25T05:40:35,2022-07-25T19:46:04,0.96,Rain,Clear conditions throughout the day with rain.,rain,"53959099999,remote"
Linyi,7/26/22,32,22.2,27.1,38.5,22.2,28.8,21.1,70.4,1,100,25,rain,0,0,36,20.2,101.3,1002.8,5.3,24.7,311.3,27,9,60,2022-07-26T05:41:19,2022-07-26T19:45:20,0.98,Rain,Clear conditions throughout the day with a chance of rain throughout the day.,rain,"53959099999,remote"
Linyi,7/27/22,27.9,22.1,24.5,31.1,22.1,24.9,21,81.4,7.8,100,16.67,rain,0,0,50.4,21.2,139.8,1005.8,63.7,18.5,146.9,12.7,7,30,2022-07-27T05:42:02,2022-07-27T19:44:35,1,"Rain, Partially cloudy",Partly cloudy throughout the day with a chance of rain throughout the day.,rain,"53959099999,remote"
Linyi,7/28/22,31.6,20.3,25.7,33.1,20.3,25.9,18.1,66.2,0.1,100,4.17,rain,0,0,21.6,8.3,163.2,1006.6,1.3,22.9,328.7,28.3,10,30,2022-07-28T05:42:46,2022-07-28T19:43:49,1,Rain,Clear conditions throughout the day with early morning rain.,rain,"53959099999,remote"
Linyi,7/29/22,33,21.7,27.4,33.8,21.7,27.6,18.1,59.9,0,0,0,,0,0,27,22,110.1,1006,6.1,23.2,327.8,28.2,10,10,2022-07-29T05:43:31,2022-07-29T19:43:01,0,Clear,Clear conditions throughout the day.,clear-day,"53959099999,remote"
Linyi,7/30/22,31.9,22,26.9,32.6,22,27.1,18.2,60.8,0,0,0,,0,0,39.6,25.2,105.3,1005.3,0,24.1,323.5,28,10,5,2022-07-30T05:44:15,2022-07-30T19:42:12,0.01,Clear,Clear conditions throughout the day.,clear-day,"53959099999,remote"
Linyi,7/31/22,33.4,22.4,27.8,35.2,22.4,28.5,18.9,59.9,0,0,0,,0,0,33.1,21.6,111.7,1003.9,0,23.7,320,27.7,9,10,2022-07-31T05:45:00,2022-07-31T19:41:21,0.04,Clear,Clear conditions throughout the day.,clear-day,"53959099999,remote"
Linyi,8/1/22,33.9,23.1,28.5,36.8,23.1,29.5,19.3,59.1,0,0,0,,0,0,30.2,24.1,97.9,1003.9,0,24.4,317.5,27.6,9,10,2022-08-01T05:45:45,2022-08-01T19:40:29,0.07,Clear,Clear conditions throughout the day.,clear-day,"53959099999,remote"
Linyi,8/2/22,34.3,23.9,29,37.5,23.9,30.6,19.8,58.2,0,0,0,,0,0,41.8,27,132.1,1004.5,3.3,24.6,311.2,26.8,9,30,2022-08-02T05:46:30,2022-08-02T19:39:36,0.1,Clear,Clear conditions throughout the day.,clear-day,"53959099999,remote"
Linyi,8/3/22,35.7,24.8,30.1,38,24.8,31.7,20,56.2,0,0,0,,0,0,34.2,26.3,113.2,1004.6,7.9,23.8,305.8,26.3,9,30,2022-08-03T05:47:16,2022-08-03T19:38:41,0.14,Clear,Clear conditions throughout the day.,clear-day,"53959099999,remote"
Linyi,8/4/22,36.7,25.7,31.2,39,25.7,33.1,20.3,53.9,0,0,0,,0,0,34.9,18.7,106.7,1004.1,9.7,24.1,308,26.5,9,30,2022-08-04T05:48:01,2022-08-04T19:37:45,0.2,Clear,Clear conditions throughout the day.,clear-day,remote
Linyi,8/5/22,37.6,26.3,31.6,39.5,26.3,33.5,20.2,53.2,3,100,25,rain,0,0,32.4,13.7,102.5,1002.5,2.9,22.8,307.1,26.5,9,30,2022-08-05T05:48:46,2022-08-05T19:36:48,0.25,Rain,Clear conditions throughout the day with storms possible.,rain,remote
Linyi,8/6/22,38.5,27.6,32.7,41.1,29.2,35,20,48.5,0,4.8,0,,0,0,33.5,22.7,107.7,999.6,6.7,24.1,308,26.7,9,10,2022-08-06T05:49:32,2022-08-06T19:35:49,0.31,Clear,Clear conditions throughout the day.,clear-day,
Linyi,8/7/22,38.7,27.8,33,42.4,29.3,35.7,20.4,48.6,0,0,0,,0,0,43.9,19.4,117,998.8,85.3,24.1,293.5,25.3,9,30,2022-08-07T05:50:18,2022-08-07T19:34:50,0.36,Partially cloudy,Partly cloudy throughout the day.,partly-cloudy-day,
Linyi,8/8/22,39.6,29.4,33.5,43.7,32.2,37.4,21.9,51.8,0,61.9,0,rain,0,0,43.2,27.7,113,999.1,83.8,24.1,277.5,24,9,30,2022-08-08T05:51:03,2022-08-08T19:33:49,0.41,"Rain, Partially cloudy",Partly cloudy throughout the day with storms possible.,rain,
Linyi,8/9/22,31.3,25.8,29.3,35.1,25.8,32.5,22.4,66.6,0.1,61.9,4.17,rain,0,0,40.3,29.2,109,1001.5,77.2,24.1,267,23,8,10,2022-08-09T05:51:49,2022-08-09T19:32:46,0.45,"Rain, Partially cloudy",Partly cloudy throughout the day with a chance of rain.,rain,
Linyi,8/10/22,33.4,22.5,27.6,36.9,22.5,29.2,20.6,66.6,0,33.3,0,,0,0,41,22.3,105.1,1001.1,76.5,24.1,325.6,28.1,9,10,2022-08-10T05:52:35,2022-08-10T19:31:43,0.48,Partially cloudy,Partly cloudy throughout the day.,partly-cloudy-day,
Linyi,8/11/22,39.2,26,32.1,42.1,26,34.4,20.6,52.8,0,52.4,0,rain,0,0,16.7,11.2,131.3,997.9,36.1,24.1,297,25.6,9,30,2022-08-11T05:53:21,2022-08-11T19:30:39,0.5,"Rain, Partially cloudy",Becoming cloudy in the afternoon with storms possible.,rain,
Linyi,8/12/22,40.1,29.7,33.2,42.5,31.9,35.9,20.5,48.6,0.2,42.9,4.17,rain,0,0,40.3,30.6,90.3,998.3,51.3,24.1,265.3,22.8,9,30,2022-08-12T05:54:06,2022-08-12T19:29:33,0.5,Partially cloudy,Partly cloudy throughout the day with storms possible.,partly-cloudy-day,
Linyi,8/13/22,35.1,25.7,30.5,40.3,25.7,33.7,21.9,60.7,0,42.9,0,,0,0,36,31.3,96.7,999.8,60,24.1,290.3,25.2,9,30,2022-08-13T05:54:52,2022-08-13T19:28:26,0.52,Partially cloudy,Partly cloudy throughout the day with storms possible.,partly-cloudy-day,
Linyi,8/14/22,33.3,26.5,29.9,37,26.5,32.6,21.7,62.5,2.9,38.1,16.67,rain,0,0,25.2,20.2,140.3,1000,91.8,23.2,190.1,16.5,6,10,2022-08-14T05:55:38,2022-08-14T19:27:18,0.54,Overcast,Cloudy skies throughout the day.,cloudy,
Linyi,8/15/22,35.6,26.7,29.5,39.8,26.7,32,21.3,62.1,0.1,42.9,4.17,rain,0,0,49.3,31,89.3,1002.3,72.8,24.1,216.4,19.3,8,30,2022-08-15T05:56:23,2022-08-15T19:26:10,0.58,Partially cloudy,Partly cloudy throughout the day with storms possible.,partly-cloudy-day,
Linyi,8/16/22,25.9,17.1,20.8,25.9,17.1,20.8,17.6,82.1,12.5,38.1,25,rain,0,0,43.2,30.2,72.1,1006.1,98.8,19.9,25,2.1,1,10,2022-08-16T05:57:09,2022-08-16T19:25:00,0.62,Overcast,Cloudy skies throughout the day.,cloudy,
Linyi,8/17/22,26.6,17.1,21.2,26.6,17.1,21.2,16.1,73.2,1.5,38.1,12.5,rain,0,0,32,21.6,84.6,1006.9,72.6,22.7,229.8,19.7,8,10,2022-08-17T05:57:54,2022-08-17T19:23:49,0.67,Partially cloudy,Partly cloudy throughout the day.,partly-cloudy-day,
Linyi,8/18/22,25.8,19.5,22,25.8,19.5,22,17.6,76.4,0,38.1,0,,0,0,36,26.3,100.7,1005.4,77,24.1,230.5,20.1,7,10,2022-08-18T05:58:40,2022-08-18T19:22:38,0.72,Partially cloudy,Partly cloudy throughout the day.,partly-cloudy-day,
Linyi,8/19/22,24.5,19.9,21.3,24.5,19.9,21.3,18.6,84.4,5.6,28.6,25,rain,0,0,29.2,16.1,159,1006.8,97.5,23.4,43.1,4,2,10,2022-08-19T05:59:25,2022-08-19T19:21:25,0.77,Overcast,Cloudy skies throughout the day.,cloudy,